lab_id,patient_id,lab_date,glucose_fasting_mgdl,hba1c_percent,cholesterol_total_mgdl,hdl_mgdl,ldl_mgdl,triglycerides_mgdl,diagnosis,clinician_notes
L001,P002,2024-02-15,122,7.7,182,58,105,108,Type 2 Diabetes,"Continue current management, monitor glucose"
L002,P005,2024-02-15,85,5.4,189,46,103,56,Pre-diabetes,"Lifestyle modification recommended"
L003,P006,2024-02-20,96,6.0,207,50,126,150,Pre-diabetes,"Weight loss goal: 5-10%"
L004,P007,2024-02-18,121,6.8,204,75,91,89,Type 2 Diabetes,"Start metformin, dietary counseling"
L005,P008,2024-02-22,111,6.8,135,51,55,90,Type 2 Diabetes,"Refer to diabetes education"
L006,P009,2024-02-25,100,7.0,255,57,163,148,Type 2 Diabetes,"Monitor blood pressure closely"
L007,P010,2024-02-28,128,7.7,181,50,122,65,Type 2 Diabetes,"Start medication, follow up in 4 weeks"
L008,P011,2024-03-01,116,6.2,140,53,57,168,Pre-diabetes,"Continue healthy habits"
L009,P012,2024-03-05,97,5.8,229,60,147,104,Pre-diabetes,"Increase physical activity"
L010,P013,2024-03-08,140,7.6,193,55,127,30,Type 2 Diabetes,"Medication adjustment needed"
L011,P015,2024-03-10,125,7.0,173,58,78,85,Type 2 Diabetes,"Follow up in 3 months"
L012,P019,2024-03-12,115,6.9,181,29,114,173,Type 2 Diabetes,"Nutrition counseling recommended"
L013,P020,2024-03-15,119,6.8,220,51,156,145,Type 2 Diabetes,"Monitor triglycerides"